[
  {
    "amount": 38.66,
    "Receiver's ID": 223243000000,
    "Sender's ID": 561715000000,
    "receiver's age": 20,
    "transactionId": "yMxlGqvoVfXr3Sshf7LhjouCombsgKVD"
  },
  {
    "amount": 50,
    "Receiver's ID": 326665000000,
    "Sender's ID": 563129000000,
    "receiver's age": 20,
    "transactionId": "6F09uTwy4llmZZWhJOjV2mbRvgk600Ht"
  },
  {
    "amount": 181,
    "Receiver's ID": 326665000000,
    "Sender's ID": 256533000000,
    "receiver's age": 20,
    "transactionId": "vJ3CFWENkOtpYCyx4BfjlrjjUSBBRRme"
  },
  {
    "amount": 671.64,
    "Receiver's ID": 787612000000,
    "Sender's ID": 829473000000,
    "receiver's age": 20,
    "transactionId": "mOdjBcbLhsUmjNXYNZpuwHshwFKXwUmc"
  },
  {
    "amount": 1065.41,
    "Receiver's ID": 991959000000,
    "Sender's ID": 278515000000,
    "receiver's age": 26,
    "transactionId": "5RLwUKLSPKQ1iswEy8fuAQaBz9taaZZp"
  },
  {
    "amount": 1157.86,
    "Receiver's ID": 787612000000,
    "Sender's ID": 561877000000,
    "receiver's age": 20,
    "transactionId": "TiBo9p5DUuao57iLpykgC7FVDt2fJTl6"
  },
  {
    "amount": 1373.43,
    "Receiver's ID": 991671000000,
    "Sender's ID": 221345000000,
    "receiver's age": 19,
    "transactionId": "tcjnol0vwmkgweIcQJApYZJJ8buxyOaM"
  },
  {
    "amount": 1563.82,
    "Receiver's ID": 787612000000,
    "Sender's ID": 551731000000,
    "receiver's age": 20,
    "transactionId": "jScZBoziKwofnMp3AWis6cGQqsHQOhas"
  },
  {
    "amount": 1614.64,
    "Receiver's ID": 789913000000,
    "Sender's ID": 781792000000,
    "receiver's age": 35,
    "transactionId": "uhN5WXLJTRks8WUYP8ugC5ksz14n4vQV"
  },
  {
    "amount": 1684.81,
    "Receiver's ID": 551731000000,
    "Sender's ID": 121569000000,
    "receiver's age": 56,
    "transactionId": "401dP7GmhlzUd4cdwRQoABsXMaLkVqjq"
  },
  {
    "amount": 2204.04,
    "Receiver's ID": 781616000000,
    "Sender's ID": 789490000000,
    "receiver's age": 24,
    "transactionId": "WXzhpnyjfqRPBEOjev1I0llYSi3hs2qT"
  },
  {
    "amount": 2252.44,
    "Receiver's ID": 223243000000,
    "Sender's ID": 651507000000,
    "receiver's age": 20,
    "transactionId": "SnHxp13CLAkLczAQo7Cejh8nGf4petWi"
  },
  {
    "amount": 2560.74,
    "Receiver's ID": 951900000000,
    "Sender's ID": 599729000000,
    "receiver's age": 22,
    "transactionId": "IvZCgGWsEenB4bYbZplOtXCY1Vafwbuc"
  },
  {
    "amount": 2641.47,
    "Receiver's ID": 781616000000,
    "Sender's ID": 451653000000,
    "receiver's age": 24,
    "transactionId": "GAxLXi0hOzdZhMEmJLhWR8r40YZiGctz"
  },
  {
    "amount": 2791.42,
    "Receiver's ID": 787923000000,
    "Sender's ID": 123108000000,
    "receiver's age": 36,
    "transactionId": "r5WjZOV9oSMT6WrW6BItsK3Q7aheERYD"
  },
  {
    "amount": 2970.97,
    "Receiver's ID": 789913000000,
    "Sender's ID": 231153000000,
    "receiver's age": 35,
    "transactionId": "jLhvJRsyglMqmZ9qkEENKPvEG2PR9BQO"
  },
  {
    "amount": 3099.97,
    "Receiver's ID": 951900000000,
    "Sender's ID": 392097000000,
    "receiver's age": 22,
    "transactionId": "nZRb5J5azwBQ4w0aTqJIVsDSDA7RYGGX"
  },
  {
    "amount": 3295.19,
    "Receiver's ID": 787923000000,
    "Sender's ID": 441384000000,
    "receiver's age": 36,
    "transactionId": "2xJEmeV65EEqTwdmIn0pBNLMcSpVasPs"
  },
  {
    "amount": 3448.92,
    "Receiver's ID": 321632000000,
    "Sender's ID": 353335000000,
    "receiver's age": 29,
    "transactionId": "gUdaZMMVkzmGiTM4GlUn6HrB1JF2eteJ"
  },
  {
    "amount": 3876.41,
    "Receiver's ID": 991959000000,
    "Sender's ID": 222405000000,
    "receiver's age": 26,
    "transactionId": "9WPkv58waIfaKP6LEm9pX4sG32H9b1uJ"
  },
  {
    "amount": 4024.36,
    "Receiver's ID": 691913000000,
    "Sender's ID": 951177000000,
    "receiver's age": 27,
    "transactionId": "DyHZ1cGn5JxMd7scW3EOpfhLa6ojCCmh"
  },
  {
    "amount": 4098.78,
    "Receiver's ID": 891717000000,
    "Sender's ID": 891635000000,
    "receiver's age": 26,
    "transactionId": "c16ubiscpmtmYW7ub1b0ryAfhVGEJkXa"
  },
  {
    "amount": 4206.84,
    "Receiver's ID": 362044000000,
    "Sender's ID": 781757000000,
    "receiver's age": 53,
    "transactionId": "zd62V2lvWyTjIJtMmZUejZZJPyxi2RrT"
  },
  {
    "amount": 4510.22,
    "Receiver's ID": 789867000000,
    "Sender's ID": 541255000000,
    "receiver's age": 22,
    "transactionId": "8OLVw9afLtgHzRWZiaufB21RPH6iIb7B"
  },
  {
    "amount": 5031.22,
    "Receiver's ID": 225247000000,
    "Sender's ID": 378151000000,
    "receiver's age": 23,
    "transactionId": "NWosbSxMnXlC8XdPb05VpIQphSgCZBb7"
  },
  {
    "amount": 5086.48,
    "Receiver's ID": 999260000000,
    "Sender's ID": 121593000000,
    "receiver's age": 42,
    "transactionId": "mTMV5MkEIQPAo98ou01RJEI9LLVr5A0o"
  },
  {
    "amount": 5281.48,
    "Receiver's ID": 999260000000,
    "Sender's ID": 121849000000,
    "receiver's age": 42,
    "transactionId": "OBa6uNqQ9bISD97khw2d5VAFp6ixlvIl"
  },
  {
    "amount": 5307.88,
    "Receiver's ID": 362044000000,
    "Sender's ID": 280972000000,
    "receiver's age": 53,
    "transactionId": "QWJiCJfzcLHHSyipliH38uZ3YbbLoFJR"
  },
  {
    "amount": 5337.77,
    "Receiver's ID": 691913000000,
    "Sender's ID": 255196000000,
    "receiver's age": 27,
    "transactionId": "6uQmEuV3kxxJ8TkvnCqX00v4XrDFyODR"
  },
  {
    "amount": 5346.89,
    "Receiver's ID": 944484000000,
    "Sender's ID": 782249000000,
    "receiver's age": 36,
    "transactionId": "pP1vEQkbZNUZxRKa8meRT8L1eySzd3pX"
  },
  {
    "amount": 5529.13,
    "Receiver's ID": 789867000000,
    "Sender's ID": 525242000000,
    "receiver's age": 22,
    "transactionId": "wWaKYmthlxnwqSmtxloaDjLUhpyBLY3b"
  },
  {
    "amount": 5758.59,
    "Receiver's ID": 551731000000,
    "Sender's ID": 781298000000,
    "receiver's age": 56,
    "transactionId": "DfECWi23hZnMDbvCBDOZlFWCV8HUoIaB"
  },
  {
    "amount": 5885.56,
    "Receiver's ID": 362044000000,
    "Sender's ID": 791804000000,
    "receiver's age": 53,
    "transactionId": "4LutbePvdi7RRVIEWOrsGYYy8gi9lAfl"
  },
  {
    "amount": 6061.13,
    "Receiver's ID": 881043000000,
    "Sender's ID": 991558000000,
    "receiver's age": 30,
    "transactionId": "SxuLNaINUWslHnKBi7unUr06V2Vw2e7f"
  },
  {
    "amount": 7107.77,
    "Receiver's ID": 782049000000,
    "Sender's ID": 569408000000,
    "receiver's age": 25,
    "transactionId": "VWr8nmy3m4npDMFsbx2ruSzX0xmtttLL"
  },
  {
    "amount": 7413.54,
    "Receiver's ID": 787923000000,
    "Sender's ID": 791427000000,
    "receiver's age": 36,
    "transactionId": "tyZZbowyLHDVEEf3nNZ1Qe7hz7IfI7mK"
  },
  {
    "amount": 7817.71,
    "Receiver's ID": 782049000000,
    "Sender's ID": 259573000000,
    "receiver's age": 25,
    "transactionId": "fUCmQief7MT5sbP5PP493AnRjn1NuNrW"
  },
  {
    "amount": 7823.46,
    "Receiver's ID": 999260000000,
    "Sender's ID": 232268000000,
    "receiver's age": 42,
    "transactionId": "AJjlsmMBTatD0TMiSxMmppdH8PSvpzev"
  },
  {
    "amount": 7861.64,
    "Receiver's ID": 691913000000,
    "Sender's ID": 233633000000,
    "receiver's age": 27,
    "transactionId": "Bxffx0zxFRdzjH3PPhB4cpVOI5kqwBLH"
  },
  {
    "amount": 8009.09,
    "Receiver's ID": 881043000000,
    "Sender's ID": 255295000000,
    "receiver's age": 30,
    "transactionId": "Sf6kgTSriOEA4Nf72FEI1IhZSIvvbxvB"
  },
  {
    "amount": 8603.42,
    "Receiver's ID": 225247000000,
    "Sender's ID": 121616000000,
    "receiver's age": 23,
    "transactionId": "vtop0EilxfSHNcjG9uYdb8CKDcePBwyq"
  },
  {
    "amount": 8901.99,
    "Receiver's ID": 321632000000,
    "Sender's ID": 238833000000,
    "receiver's age": 29,
    "transactionId": "wR0wqTDCnDLo2f1KXBiN5BDFCJQR3EtA"
  },
  {
    "amount": 9164.71,
    "Receiver's ID": 789913000000,
    "Sender's ID": 891659000000,
    "receiver's age": 35,
    "transactionId": "rfzDaT0CgVLa6s6K2QhFkboJ3P08beQq"
  },
  {
    "amount": 9302.79,
    "Receiver's ID": 991671000000,
    "Sender's ID": 221974000000,
    "receiver's age": 19,
    "transactionId": "SDtbKfkXD5w4Q7LcoIBEyhS1UvyWTaol"
  },
  {
    "amount": 9478.39,
    "Receiver's ID": 881043000000,
    "Sender's ID": 423558000000,
    "receiver's age": 30,
    "transactionId": "oHLZoVlWLjIFmpAm1jgNxyxZduY190FS"
  },
  {
    "amount": 9644.94,
    "Receiver's ID": 951900000000,
    "Sender's ID": 563998000000,
    "receiver's age": 22,
    "transactionId": "0DQXDxmOivHzKHEkCvFUmA7irVYJCvUR"
  },
  {
    "amount": 9920.52,
    "Receiver's ID": 321632000000,
    "Sender's ID": 221940000000,
    "receiver's age": 29,
    "transactionId": "eGcK0qSIoz7KdcZWQ1p9hb4lVf6KXSeQ"
  },
  {
    "amount": 11633.76,
    "Receiver's ID": 891717000000,
    "Sender's ID": 326802000000,
    "receiver's age": 26,
    "transactionId": "kov0sHXa8crSbh3LOmJZFUcwh4w0yFpx"
  },
  {
    "amount": 11668.14,
    "Receiver's ID": 782049000000,
    "Sender's ID": 326665000000,
    "receiver's age": 25,
    "transactionId": "ebw4L0gN2UfC4JHMU2p84EOevUgUsV22"
  },
  {
    "amount": 13875.98,
    "Receiver's ID": 944484000000,
    "Sender's ID": 882008000000,
    "receiver's age": 36,
    "transactionId": "Of8Q9sk6s1bFM3IfdPwM1DpvhxnFAyfB"
  },
  {
    "amount": 23261.3,
    "Receiver's ID": 781616000000,
    "Sender's ID": 452001000000,
    "receiver's age": 24,
    "transactionId": "cYmktozR5yaUW21p2yubAbjT3T6E6crl"
  },
  {
    "amount": 24213.67,
    "Receiver's ID": 225247000000,
    "Sender's ID": 245671000000,
    "receiver's age": 23,
    "transactionId": "1qAKjeqWPQDxSBJI4ccUwdmiqItmCG0c"
  },
  {
    "amount": 56953.9,
    "Receiver's ID": 944484000000,
    "Sender's ID": 882824000000,
    "receiver's age": 36,
    "transactionId": "mTA6SEpIvJj4r61ETlgAS5mFHMR3NlCz"
  },
  {
    "amount": 62610.8,
    "Receiver's ID": 223243000000,
    "Sender's ID": 231938000000,
    "receiver's age": 20,
    "transactionId": "sIPrCTEvndz2y6eeBdcNFIM6EatnyTg3"
  },
  {
    "amount": 82940.31,
    "Receiver's ID": 789867000000,
    "Sender's ID": 896477000000,
    "receiver's age": 22,
    "transactionId": "wDU5IjBlGqQ8m5TNUwmLl2AAROx4x439"
  },
  {
    "amount": 110414.71,
    "Receiver's ID": 551731000000,
    "Sender's ID": 521510000000,
    "receiver's age": 56,
    "transactionId": "smpRtGchnhdCe43OkukO4hLaWno0xcqu"
  },
  {
    "amount": 186422.28,
    "Receiver's ID": 326665000000,
    "Sender's ID": 362044000000,
    "receiver's age": 20,
    "transactionId": "AqF6zf3G0w7x6yrpj30daiHC6s5VWh4J"
  },
  {
    "amount": 215310.3,
    "Receiver's ID": 991671000000,
    "Sender's ID": 251100000000,
    "receiver's age": 19,
    "transactionId": "t4YoTcXuZO7DLKMfyCNBWEvZ0nASEdzu"
  },
  {
    "amount": 229133.94,
    "Receiver's ID": 891717000000,
    "Sender's ID": 222576000000,
    "receiver's age": 26,
    "transactionId": "FjZog4oHiDkznX81V6ypTX5Qm4TURgEq"
  },
  {
    "amount": 311685.89,
    "Receiver's ID": 991959000000,
    "Sender's ID": 827933000000,
    "receiver's age": 26,
    "transactionId": "Qnpjr92D4i7Wdzotb5NZqH0Z4sGYqKey"
  }
]